<?xml version="1.0" encoding="UTF-8"?>
<project-private xmlns="http://www.netbeans.org/ns/project-private/1">
    <editor-bookmarks xmlns="http://www.netbeans.org/ns/editor-bookmarks/2" lastBookmarkId="0"/>
    <open-files xmlns="http://www.netbeans.org/ns/projectui-open-files/2">
        <group>
            <file>file:/C:/Users/abfor/OneDrive%20-%20University%20of%20Calgary/ILS/ENCM%20369/GitHub/2021_ENCM369/user_app.c</file>
            <file>file:/C:/Users/abfor/OneDrive%20-%20University%20of%20Calgary/ILS/ENCM%20369/GitHub/2021_ENCM369/main.h</file>
            <file>file:/C:/Users/abfor/OneDrive%20-%20University%20of%20Calgary/ILS/ENCM%20369/GitHub/2021_ENCM369/encm369_pic18.h</file>
            <file>file:/C:/Users/abfor/OneDrive%20-%20University%20of%20Calgary/ILS/ENCM%20369/GitHub/2021_ENCM369/typedefs.h</file>
            <file>file:/C:/Users/abfor/OneDrive%20-%20University%20of%20Calgary/ILS/ENCM%20369/GitHub/2021_ENCM369/encm369_pic18.c</file>
            <file>file:/C:/Users/abfor/OneDrive%20-%20University%20of%20Calgary/ILS/ENCM%20369/GitHub/2021_ENCM369/user_app.h</file>
            <file>file:/C:/Users/abfor/OneDrive%20-%20University%20of%20Calgary/ILS/ENCM%20369/GitHub/2021_ENCM369/configuration.h</file>
            <file>file:/C:/Users/abfor/OneDrive%20-%20University%20of%20Calgary/ILS/ENCM%20369/GitHub/2021_ENCM369/main.c</file>
        </group>
    </open-files>
</project-private>
